{"flags": ["default", "restorable", "restorePossibleForType"], "metadata": {"renderTypeConfig": {"visible": {"table": true}}, "rowLabel": "", "rdfClass": "", "rdfSubject": "0", "availableDisplayTypes": ["table", "fatrow", "page"], "attachments": [{"assetId": "0fd9def3-28bd-484a-8977-7f30d142ac9f", "filename": "2010-2011_Class_Size_School_Level_Detail.xlsx", "name": "2010-2011_Class_Size_School_Level_Detail.xlsx"}], "rowIdentifier": "0", "custom_fields": {"Dataset Information": {"Agency": "Department of Education (DOE)"}, "Update": {"Update Frequency": "Historical Data", "Automation": "No", "Date Made Public": "October 13, 2011"}, "Legislative Compliance": {"Geo-coding Attached?": ""}}}, "rights": ["read"], "totalTimesRated": 0, "tableAuthor": {"profileImageUrlSmall": "/api/users/rnig-m3uj/profile_images/TINY", "id": "rnig-m3uj", "profileImageUrlMedium": "/api/users/rnig-m3uj/profile_images/THUMB", "displayName": "Jorge J.", "profileImageUrlLarge": "/api/users/rnig-m3uj/profile_images/LARGE", "type": "interactive", "screenName": "Jorge J."}, "rowsUpdatedBy": "rnig-m3uj", "provenance": "official", "viewCount": 5710, "publicationGroup": 245485, "id": "urz7-pzb3", "owner": {"profileImageUrlSmall": "/api/users/5fuc-pqz2/profile_images/TINY", "id": "5fuc-pqz2", "profileImageUrlMedium": "/api/users/5fuc-pqz2/profile_images/THUMB", "displayName": "NYC OpenData", "profileImageUrlLarge": "/api/users/5fuc-pqz2/profile_images/LARGE", "type": "interactive", "screenName": "NYC OpenData"}, "hideFromDataJson": false, "displayType": "table", "tableId": 245485, "category": "Education", "name": "2010-2011 Class Size - School-level detail", "attribution": "Department of Education (DOE)", "downloadCount": 2619, "description": "Average class sizes for each school, by grade and program type (General Education, Self-Contained Special Education, Collaborative Team Teaching (CTT)) for grades K-9 (where grade 9 is not reported by subject area), and for grades 5-9 (where available) and 9-12, aggregated by program type (General Education, CTT, and Self-Contained Special Education) and core course (e.g. English 9, Integrated Algebra, US History, etc.).\r\n\r\nClass size data is based on January 28, 2011 data.\r\n\r\n*Grade 9 Official Class data is included for 0K-09 schools. Core Course information for these sections is not reported.", "hideFromCatalog": false, "grants": [{"inherited": false, "flags": ["public"], "type": "viewer"}], "newBackend": false, "viewType": "tabular", "rowClass": "", "averageRating": 0, "publicationDate": 1318523557, "rowsUpdatedAt": 1318523227, "publicationStage": "published", "query": {}, "viewLastModified": 1526476671, "indexUpdatedAt": 1513606973, "publicationAppendEnabled": false, "numberOfComments": 1, "tags": ["lifelong learning"], "createdAt": 1318523204, "columns": [{"tableColumnId": 1582173, "position": 1, "cachedContents": {"sum": "436014", "largest": "32", "null": 0, "average": "15.79131505559379", "non_null": 27611, "smallest": "1", "top": [{"count": 20, "item": "1"}, {"count": 19, "item": "2"}, {"count": 18, "item": "3"}, {"count": 17, "item": "4"}, {"count": 16, "item": "5"}, {"count": 15, "item": "6"}, {"count": 14, "item": "7"}, {"count": 13, "item": "8"}, {"count": 12, "item": "9"}, {"count": 11, "item": "10"}, {"count": 10, "item": "11"}, {"count": 9, "item": "12"}, {"count": 8, "item": "13"}, {"count": 7, "item": "14"}, {"count": 6, "item": "15"}, {"count": 5, "item": "16"}, {"count": 4, "item": "17"}, {"count": 3, "item": "18"}, {"count": 2, "item": "19"}, {"count": 1, "item": "20"}]}, "fieldName": "csd", "dataTypeName": "number", "name": "CSD", "renderTypeName": "number", "id": 3039671, "format": {}, "width": 136}, {"tableColumnId": 1582174, "position": 2, "cachedContents": {"largest": "X", "non_null": 27611, "null": 0, "smallest": "K", "top": [{"count": 20, "item": "M"}, {"count": 19, "item": "X"}, {"count": 18, "item": "K"}, {"count": 17, "item": "Q"}, {"count": 16, "item": "R"}]}, "fieldName": "borough", "dataTypeName": "text", "name": "BOROUGH", "renderTypeName": "text", "id": 3039672, "format": {}, "width": 184}, {"tableColumnId": 1582175, "position": 3, "cachedContents": {"largest": "X696", "non_null": 27611, "null": 0, "smallest": "K001", "top": [{"count": 20, "item": "Q445"}, {"count": 19, "item": "Q450"}, {"count": 18, "item": "R051"}, {"count": 17, "item": "R061"}, {"count": 16, "item": "R063"}, {"count": 15, "item": "R064"}, {"count": 14, "item": "R069"}, {"count": 13, "item": "R072"}, {"count": 12, "item": "R075"}, {"count": 11, "item": "R080"}, {"count": 10, "item": "R440"}, {"count": 9, "item": "R445"}, {"count": 8, "item": "R450"}, {"count": 7, "item": "R455"}, {"count": 6, "item": "R460"}, {"count": 5, "item": "R600"}, {"count": 4, "item": "R605"}, {"count": 3, "item": "R861"}, {"count": 2, "item": "K116"}, {"count": 1, "item": "K151"}]}, "fieldName": "school_code", "dataTypeName": "text", "name": "SCHOOL CODE", "renderTypeName": "text", "id": 3039673, "format": {}, "width": 232}, {"tableColumnId": 1582176, "position": 4, "cachedContents": {"largest": "Young Women's Leadership School of Brooklyn", "non_null": 27611, "null": 0, "smallest": "47 The American Sign Language and English Secondary School", "top": [{"count": 20, "item": "William Cullen Bryant High School"}, {"count": 19, "item": "Long Island City High School"}, {"count": 18, "item": "I.S. 051 Edwin Markham"}, {"count": 17, "item": "I.S. 061 William A Morris"}, {"count": 16, "item": "Marsh Avenue School for Expeditionary Learning"}, {"count": 15, "item": "Gaynor McCown Expeditionary Learning School"}, {"count": 14, "item": "P.S. 069 Daniel D. Tompkins"}, {"count": 13, "item": "I.S. 072 Rocco Laurie"}, {"count": 12, "item": "I.S. 075 Frank D. Paulo"}, {"count": 11, "item": "The Michael J. Petrides School"}, {"count": 10, "item": "New Dorp High School"}, {"count": 9, "item": "Port Richmond High School"}, {"count": 8, "item": "Curtis High School"}, {"count": 7, "item": "Tottenville High School"}, {"count": 6, "item": "Susan E. Wagner High School"}, {"count": 5, "item": "Ralph R. McKee Career and Technical Education High School"}, {"count": 4, "item": "Staten Island Technical High School"}, {"count": 3, "item": "Staten Island School of Civic Leadership"}, {"count": 2, "item": "P.S. 116 Elizabeth L Farrell"}, {"count": 1, "item": "P.S. 151 Lyndon B. Johnson"}]}, "fieldName": "school_name", "dataTypeName": "text", "name": "SCHOOL NAME", "renderTypeName": "text", "id": 3039674, "format": {}, "width": 232}, {"tableColumnId": 1582177, "position": 5, "cachedContents": {"largest": "MS Core", "non_null": 26127, "null": 1484, "smallest": "01", "top": [{"count": 20, "item": "0K"}, {"count": 19, "item": "01"}, {"count": 18, "item": "02"}, {"count": 17, "item": "03"}, {"count": 16, "item": "04"}, {"count": 15, "item": "05"}, {"count": 14, "item": "0K-09"}, {"count": 13, "item": "06"}, {"count": 12, "item": "07"}, {"count": 11, "item": "08"}, {"count": 10, "item": "MS Core"}, {"count": 9, "item": "09-12"}, {"count": 8, "item": "09"}]}, "fieldName": "grade_", "dataTypeName": "text", "name": "GRADE ", "renderTypeName": "text", "id": 3039675, "format": {}, "width": 172}, {"tableColumnId": 1582178, "position": 6, "cachedContents": {"largest": "SPEC ED", "non_null": 26127, "null": 1484, "smallest": "CTT", "top": [{"count": 20, "item": "GEN ED"}, {"count": 19, "item": "CTT"}, {"count": 18, "item": "SPEC ED"}, {"count": 17, "item": "G&T"}]}, "fieldName": "program_type", "dataTypeName": "text", "name": "PROGRAM TYPE", "renderTypeName": "text", "id": 3039676, "format": {}, "width": 244}, {"tableColumnId": 1582179, "position": 7, "cachedContents": {"largest": "SOCIAL STUDIES", "non_null": 26127, "null": 1484, "smallest": "-", "top": [{"count": 20, "item": "-"}, {"count": 19, "item": "ENGLISH"}, {"count": 18, "item": "MATH"}, {"count": 17, "item": "SCIENCE"}, {"count": 16, "item": "SOCIAL STUDIES"}]}, "fieldName": "core_subject_ms_core_and_9_12_only_", "dataTypeName": "text", "name": "CORE SUBJECT (MS CORE and 9-12 ONLY)", "renderTypeName": "text", "id": 3039677, "format": {}, "width": 532}, {"tableColumnId": 1582180, "position": 8, "cachedContents": {"largest": "US History & Government", "non_null": 26127, "null": 1484, "smallest": "-", "top": [{"count": 20, "item": "-"}, {"count": 19, "item": "MS English Core"}, {"count": 18, "item": "MS Math Core"}, {"count": 17, "item": "MS Science Core"}, {"count": 16, "item": "MS Social Studies Core"}, {"count": 15, "item": "Global History & Geography"}, {"count": 14, "item": "Integrated Algebra"}, {"count": 13, "item": "Living Environment"}, {"count": 12, "item": "Participation in Government"}, {"count": 11, "item": "US History & Government"}, {"count": 10, "item": "English 9"}, {"count": 9, "item": "English 10"}, {"count": 8, "item": "English 11"}, {"count": 7, "item": "English 12"}, {"count": 6, "item": "Geometry"}, {"count": 5, "item": "Other Math"}, {"count": 4, "item": "Earth Science"}, {"count": 3, "item": "Chemistry"}, {"count": 2, "item": "Physics"}, {"count": 1, "item": "Other Science"}]}, "fieldName": "core_course_ms_core_and_9_12_only_", "dataTypeName": "text", "name": "CORE COURSE (MS CORE and 9-12 ONLY)", "renderTypeName": "text", "id": 3039678, "format": {}, "width": 520}, {"tableColumnId": 1582181, "position": 9, "cachedContents": {"largest": "8:1:1", "non_null": 26127, "null": 1484, "smallest": "-", "top": [{"count": 20, "item": "-"}, {"count": 19, "item": "12:1:1"}, {"count": 18, "item": "12:1"}, {"count": 17, "item": "6:1:1"}, {"count": 16, "item": "15:1"}, {"count": 15, "item": "8:1:1"}]}, "fieldName": "service_category_k_9_only_", "dataTypeName": "text", "name": "SERVICE CATEGORY(K-9* ONLY)", "renderTypeName": "text", "id": 3039679, "format": {}, "width": 424}, {"tableColumnId": 1582182, "position": 10, "cachedContents": {"sum": "2773185", "largest": "2965", "null": 1484, "average": "106.1424962682283", "non_null": 26127, "smallest": "2", "top": [{"count": 20, "item": "24"}, {"count": 19, "item": "25"}, {"count": 18, "item": "23"}, {"count": 17, "item": "20"}, {"count": 16, "item": "13"}, {"count": 15, "item": "32"}, {"count": 14, "item": "98"}, {"count": 13, "item": "30"}, {"count": 12, "item": "70"}, {"count": 11, "item": "68"}, {"count": 10, "item": "313"}, {"count": 9, "item": "289"}, {"count": 8, "item": "128"}, {"count": 7, "item": "59"}, {"count": 6, "item": "63"}, {"count": 5, "item": "14"}, {"count": 4, "item": "11"}, {"count": 3, "item": "10"}, {"count": 2, "item": "26"}, {"count": 1, "item": "22"}]}, "fieldName": "number_of_students_seats_filled", "dataTypeName": "number", "name": "NUMBER OF STUDENTS / SEATS FILLED", "renderTypeName": "number", "id": 3039680, "format": {}, "width": 496}, {"tableColumnId": 1582183, "position": 11, "cachedContents": {"sum": "111905", "largest": "100", "null": 1484, "average": "4.283117081945880", "non_null": 26127, "smallest": "1", "top": [{"count": 20, "item": "1"}, {"count": 19, "item": "2"}, {"count": 18, "item": "4"}, {"count": 17, "item": "3"}, {"count": 16, "item": "5"}, {"count": 15, "item": "6"}, {"count": 14, "item": "8"}, {"count": 13, "item": "7"}, {"count": 12, "item": "9"}, {"count": 11, "item": "10"}, {"count": 10, "item": "14"}, {"count": 9, "item": "12"}, {"count": 8, "item": "11"}, {"count": 7, "item": "15"}, {"count": 6, "item": "13"}, {"count": 5, "item": "21"}, {"count": 4, "item": "28"}, {"count": 3, "item": "22"}, {"count": 2, "item": "23"}, {"count": 1, "item": "17"}]}, "fieldName": "number_of_sections", "dataTypeName": "number", "name": "NUMBER OF SECTIONS", "renderTypeName": "number", "id": 3039681, "format": {}, "width": 316}, {"tableColumnId": 1582184, "position": 12, "cachedContents": {"sum": "596580.0", "largest": "95.0", "null": 1484, "average": "22.83385004018831", "non_null": 26127, "smallest": "2.0", "top": [{"count": 20, "item": "21.0"}, {"count": 19, "item": "27.0"}, {"count": 18, "item": "23.0"}, {"count": 17, "item": "22.0"}, {"count": 16, "item": "24.0"}, {"count": 15, "item": "25.0"}, {"count": 14, "item": "26.0"}, {"count": 13, "item": "28.0"}, {"count": 12, "item": "29.0"}, {"count": 11, "item": "30.0"}, {"count": 10, "item": "31.0"}, {"count": 9, "item": "10.0"}, {"count": 8, "item": "11.0"}, {"count": 7, "item": "20.0"}, {"count": 6, "item": "24.5"}, {"count": 5, "item": "13.0"}, {"count": 4, "item": "32.0"}, {"count": 3, "item": "24.4"}, {"count": 2, "item": "11.5"}, {"count": 1, "item": "16.0"}]}, "fieldName": "average_class_size", "dataTypeName": "number", "name": "AVERAGE CLASS SIZE", "renderTypeName": "number", "id": 3039682, "format": {}, "width": 316}, {"tableColumnId": 1582185, "position": 13, "cachedContents": {"sum": "530848", "largest": "95", "null": 1484, "average": "20.31798522601141", "non_null": 26127, "smallest": "2", "top": [{"count": 20, "item": "19"}, {"count": 19, "item": "21"}, {"count": 18, "item": "17"}, {"count": 17, "item": "15"}, {"count": 16, "item": "12"}, {"count": 15, "item": "27"}, {"count": 14, "item": "9"}, {"count": 13, "item": "18"}, {"count": 12, "item": "13"}, {"count": 11, "item": "22"}, {"count": 10, "item": "24"}, {"count": 9, "item": "7"}, {"count": 8, "item": "11"}, {"count": 7, "item": "20"}, {"count": 6, "item": "16"}, {"count": 5, "item": "23"}, {"count": 4, "item": "28"}, {"count": 3, "item": "29"}, {"count": 2, "item": "14"}, {"count": 1, "item": "26"}]}, "fieldName": "size_of_smallest_class", "dataTypeName": "number", "name": "SIZE OF SMALLEST CLASS", "renderTypeName": "number", "id": 3039683, "format": {}, "width": 364}, {"tableColumnId": 1582186, "position": 14, "cachedContents": {"sum": "650272", "largest": "96", "null": 1484, "average": "24.88888888888889", "non_null": 26127, "smallest": "2", "top": [{"count": 20, "item": "19"}, {"count": 19, "item": "21"}, {"count": 18, "item": "17"}, {"count": 17, "item": "15"}, {"count": 16, "item": "12"}, {"count": 15, "item": "14"}, {"count": 14, "item": "27"}, {"count": 13, "item": "9"}, {"count": 12, "item": "20"}, {"count": 11, "item": "13"}, {"count": 10, "item": "24"}, {"count": 9, "item": "18"}, {"count": 8, "item": "22"}, {"count": 7, "item": "7"}, {"count": 6, "item": "11"}, {"count": 5, "item": "23"}, {"count": 4, "item": "29"}, {"count": 3, "item": "16"}, {"count": 2, "item": "26"}, {"count": 1, "item": "25"}]}, "fieldName": "size_of_largest_class", "dataTypeName": "number", "name": "SIZE OF LARGEST CLASS", "renderTypeName": "number", "id": 3039684, "format": {}, "width": 352}, {"tableColumnId": 1582187, "position": 15, "cachedContents": {"largest": "STARS", "non_null": 26127, "null": 1484, "smallest": "ATS", "top": [{"count": 20, "item": "ATS"}, {"count": 19, "item": "STARS"}]}, "fieldName": "data_source", "dataTypeName": "text", "name": "DATA SOURCE", "renderTypeName": "text", "id": 3039685, "format": {}, "width": 232}, {"tableColumnId": 1582188, "position": 16, "cachedContents": {"sum": "20870.3", "largest": "29.0", "null": 26127, "average": "14.06354447439353", "non_null": 1484, "smallest": "3.0", "top": [{"count": 20, "item": "15.5"}, {"count": 19, "item": "16.6"}, {"count": 18, "item": "14.6"}, {"count": 17, "item": "14.2"}, {"count": 16, "item": "14.9"}, {"count": 15, "item": "16.0"}, {"count": 14, "item": "14.8"}, {"count": 13, "item": "15.1"}, {"count": 12, "item": "15.9"}, {"count": 11, "item": "17.1"}, {"count": 10, "item": "20.3"}, {"count": 9, "item": "19.3"}, {"count": 8, "item": "13.5"}, {"count": 7, "item": "14.4"}, {"count": 6, "item": "19.4"}, {"count": 5, "item": "13.1"}, {"count": 4, "item": "12.4"}, {"count": 3, "item": "15.4"}, {"count": 2, "item": "11.6"}, {"count": 1, "item": "13.2"}]}, "fieldName": "schoolwide_pupil_teacher_ratio", "dataTypeName": "number", "name": "SCHOOLWIDE PUPIL-TEACHER RATIO", "renderTypeName": "number", "id": 3039686, "format": {}, "width": 460}], "oid": 344841}