{"id": "kiyv-ks3f", "createdAt": 1405029995, "averageRating": 0, "tableAuthor": {"id": "5fuc-pqz2", "profileImageUrlLarge": "/api/users/5fuc-pqz2/profile_images/LARGE", "profileImageUrlMedium": "/api/users/5fuc-pqz2/profile_images/THUMB", "screenName": "NYC OpenData", "profileImageUrlSmall": "/api/users/5fuc-pqz2/profile_images/TINY", "displayName": "NYC OpenData", "type": "interactive"}, "newBackend": false, "query": {}, "rowsUpdatedAt": 1511980924, "columns": [{"id": 332407347, "tableColumnId": 27247635, "position": 1, "format": {}, "name": "LOCCODE", "dataTypeName": "text", "width": 100, "fieldName": "loccode", "cachedContents": {"top": [{"item": "Z029", "count": 20}, {"item": "Z031", "count": 19}, {"item": "Z032", "count": 18}, {"item": "Z033", "count": 17}, {"item": "Z034", "count": 16}, {"item": "Z037", "count": 15}, {"item": "Z038", "count": 14}, {"item": "Z039", "count": 13}, {"item": "Z040", "count": 12}, {"item": "Z041", "count": 11}, {"item": "Z042", "count": 10}, {"item": "Z044", "count": 9}, {"item": "Z046", "count": 8}, {"item": "Z047", "count": 7}, {"item": "Z051", "count": 6}, {"item": "Z055", "count": 5}, {"item": "Z056", "count": 4}, {"item": "Z058", "count": 3}, {"item": "Z059", "count": 2}, {"item": "Z060", "count": 1}], "non_null": 1885, "null": 0, "smallest": "K001", "largest": "Z088"}, "renderTypeName": "text"}, {"id": 332407348, "tableColumnId": 20742449, "position": 2, "format": {}, "name": "PreK_Type", "dataTypeName": "text", "width": 122, "fieldName": "prek_type", "cachedContents": {"top": [{"item": "DOE", "count": 20}, {"item": "CHARTER", "count": 19}, {"item": "NYCEEC", "count": 18}, {"item": "Charter", "count": 17}], "non_null": 1885, "null": 0, "smallest": "Charter", "largest": "NYCEEC"}, "renderTypeName": "text"}, {"id": 332407349, "tableColumnId": 20742450, "position": 3, "format": {"align": "left"}, "name": "Borough", "dataTypeName": "text", "width": 119, "description": "M=Manhattan, X=Bronx, K=Brooklyn, Q=Queens, R= Staten Island", "fieldName": "borough", "cachedContents": {"top": [{"item": "K", "count": 20}, {"item": "M", "count": 19}, {"item": "Q", "count": 18}, {"item": "R", "count": 17}, {"item": "X", "count": 16}], "non_null": 1885, "null": 0, "smallest": "K", "largest": "X"}, "renderTypeName": "text"}, {"id": 332407351, "tableColumnId": 20742452, "position": 5, "format": {}, "name": "LocName", "dataTypeName": "text", "width": 184, "fieldName": "locname", "cachedContents": {"top": [{"item": "Pre - K Center At 535 Union Avenue", "count": 20}, {"item": "Pre - K Center At P.S. 281 The River School", "count": 19}, {"item": "Pre - K Center At P.S. 051 Elias Howe", "count": 18}, {"item": "Pre - K Center At Ps340 Sixth Avenue Elementary School", "count": 17}, {"item": "Pre - K Center At P.S. 343 The Peck Slip School", "count": 16}, {"item": "Pre - K Center At P.S. 357 Young Voices Academy Of The Bronx", "count": 15}, {"item": "Pre - K Center At 1684 White Plains Road", "count": 14}, {"item": "Pre - K Center At 4520 Matilda Avenue", "count": 13}, {"item": "Pre - K Center At P.S. 516 Sunset Park Avenues ES", "count": 12}, {"item": "Pre - K Center At 701 Caton Avenue", "count": 11}, {"item": "Pre - K Center At P.S. 118 The Maurice Sendak School", "count": 10}, {"item": "Pre - K Center At 7301 15th Avenue", "count": 9}, {"item": "Pre - K Center At P.S. 087 Middle Village", "count": 8}, {"item": "Pre - K Center At 360 Seneca Avenue", "count": 7}, {"item": "Pre - K Center At P.S. 040 Samuel Huntington", "count": 6}, {"item": "Pre - K Center At P.S. 017 Henry David Thoreau", "count": 5}, {"item": "Pre - K Center At P.S. 070 Queens", "count": 4}, {"item": "Pre - K Center At 46 - 08 5th Street", "count": 3}, {"item": "Pre - K Center At P.S. 329 East Elmhurst Community School", "count": 2}, {"item": "Pre - K Center At P.S. 9 Naples Street Elementary School", "count": 1}], "non_null": 1885, "null": 0, "smallest": "1199 Future Of America Learning Center", "largest": "Zion Day Care"}, "renderTypeName": "text"}, {"id": 332407352, "tableColumnId": 27247949, "position": 6, "format": {}, "name": "NOTE", "dataTypeName": "text", "width": 215, "fieldName": "note", "cachedContents": {"top": [{"item": "<P> <Strong>Note:</strong> Students in District 15 are prioritized for two-thirds of seats and students in District 13 are prioritized for the remaining third. Within each district group, students who qualify for Free and Reduced Lunch and/or are English Language Learners will have priority for 35% of those seats. </P>", "count": 20}, {"item": "<P><Strong>Note:</strong> Students who qualify for Free and Reduced Lunch have priority after siblings.</p>", "count": 19}, {"item": "<P> <Strong>Note:</strong>  Students who are English Language Learners and/or are in the child welfare system will have priority for 20% of seats. If the applicant is in the child welfare system please contact the school directly.</P>", "count": 18}, {"item": "<p><strong>Alert</strong>: Program may have income or other eligibility requirements. Contact for more information.</p>", "count": 17}, {"item": "<P> <Strong>Note:</strong>  Students who qualify for Free and Reduced Lunch and/or are English Language Learners will have priority for 45% of seats.</P>", "count": 16}, {"item": "<P> <Strong>Note:</strong>  Students from families impacted by incarceration will have priority for 10% of seats and students who qualify for Free and Reduced Lunch will have priority for 60% of seats. Families impacted by incarceration should contact the school directly.</P>", "count": 15}, {"item": "<P> <Strong>Note:</strong>  Program prioritizes students in Districts 5 and 6.</P>", "count": 14}, {"item": "<P> <Strong>Note:</strong>  Program manages own admissions. Contact directly to apply.</P>", "count": 13}, {"item": "<P> <Strong>Note:</strong>  Prioritizes Coast Guard families stationed at Fort Wadsworth.</P>", "count": 12}, {"item": "<P> <Strong>Note:</strong>  Program prioritizes students zoned to 08X014, 08X071, or 08X072.</P>", "count": 11}], "non_null": 376, "null": 1509, "smallest": "<p><strong>Alert</strong>: Program may have income or other eligibility requirements. Contact for more information.</p>", "largest": "<P><Strong>Note:</strong> Students who qualify for Free and Reduced Lunch have priority after siblings.</p>"}, "renderTypeName": "text"}, {"id": 332407353, "tableColumnId": 20742453, "position": 7, "format": {}, "name": "phone", "dataTypeName": "text", "width": 160, "fieldName": "phone", "cachedContents": {"top": [{"item": "718-402-0081", "count": 20}, {"item": "718-989-9801", "count": 19}, {"item": "718-589-5900", "count": 18}, {"item": "212-929-0839", "count": 17}, {"item": "718-842-9361", "count": 16}, {"item": "718-882-2203", "count": 15}, {"item": "917-522-6002", "count": 14}, {"item": "718-588-4545", "count": 13}, {"item": "718-991-5465", "count": 12}, {"item": "718-220-8406", "count": 11}, {"item": "718-295-2740", "count": 10}, {"item": "718-231-7200", "count": 9}, {"item": "718-887-2928", "count": 8}, {"item": "212-243-9090", "count": 7}, {"item": "732-987-5252", "count": 6}, {"item": "718-882-3261", "count": 5}, {"item": "212-410-7707", "count": 4}, {"item": "718-823-3636", "count": 3}, {"item": "718-561-8062", "count": 2}, {"item": "718-892-4080", "count": 1}], "non_null": 1885, "null": 0, "smallest": "212-218-0406", "largest": "972-841-8120"}, "renderTypeName": "text"}, {"id": 332407354, "tableColumnId": 20742454, "position": 8, "format": {}, "name": "address", "dataTypeName": "text", "width": 184, "fieldName": "address", "cachedContents": {"top": [{"item": "535 Un Ave", "count": 20}, {"item": "425 East 35th St", "count": 19}, {"item": "525 West 44 St", "count": 18}, {"item": "590 Sixth Ave", "count": 17}, {"item": "1 Peck Slip", "count": 16}, {"item": "800 Lydig Ave", "count": 15}, {"item": "1684 White Plns Rd", "count": 14}, {"item": "4520 Matilda Ave", "count": 13}, {"item": "4222 4th Ave", "count": 12}, {"item": "701 Caton Ave", "count": 11}, {"item": "211 8th St", "count": 10}, {"item": "7301 15th Ave", "count": 9}, {"item": "67 - 54 80 St", "count": 8}, {"item": "360 Seneca Ave", "count": 7}, {"item": "109 - 20 Un Hall St", "count": 6}, {"item": "28 - 37 29 St", "count": 5}, {"item": "30 - 45 42 St", "count": 4}, {"item": "46 - 08 5th St", "count": 3}, {"item": "26 - 25 97th St", "count": 2}, {"item": "1055 Targee St", "count": 1}], "non_null": 1885, "null": 0, "smallest": "100 - 01 Springfield Blvd", "largest": "Jfk Airport Building 350"}, "renderTypeName": "text"}, {"id": 332407355, "tableColumnId": 20742455, "position": 9, "format": {"align": "right", "precisionStyle": "standard", "noCommas": "true"}, "name": "Postcode", "dataTypeName": "number", "width": 136, "fieldName": "zip", "cachedContents": {"top": [{"item": "11432", "count": 20}, {"item": "10301", "count": 19}, {"item": "10310", "count": 18}, {"item": "10306", "count": 17}, {"item": "10314", "count": 16}, {"item": "10457", "count": 15}, {"item": "10451", "count": 14}, {"item": "10467", "count": 13}, {"item": "10455", "count": 12}, {"item": "10454", "count": 11}, {"item": "10458", "count": 10}, {"item": "10456", "count": 9}, {"item": "10460", "count": 8}, {"item": "10468", "count": 7}, {"item": "10469", "count": 6}, {"item": "10473", "count": 5}, {"item": "10463", "count": 4}, {"item": "10462", "count": 3}, {"item": "10461", "count": 2}, {"item": "10453", "count": 1}], "null": 0, "smallest": "10001", "sum": "20526763", "non_null": 1885, "average": "10889.52944297082", "largest": "11697"}, "renderTypeName": "number"}, {"id": 332407356, "tableColumnId": 20742456, "position": 10, "format": {"align": "right", "precisionStyle": "standard", "noCommas": "false"}, "name": "Day_Length", "dataTypeName": "number", "width": 220, "description": "Day length not available\n0\nFull day\n1\nBoth half day and full day\n2\nHalf day\n3\n5-Hour\n4\nBoth full day and 5-hour\n5\nBoth half day and 5-hour\n6\nFull day, half day and 5-hour\n", "fieldName": "day_length", "cachedContents": {"top": [{"item": "1", "count": 20}, {"item": "3", "count": 19}, {"item": "4", "count": 18}, {"item": "2", "count": 17}, {"item": "5", "count": 16}], "null": 0, "smallest": "1", "sum": "2108", "non_null": 1885, "average": "1.118302387267905", "largest": "5"}, "renderTypeName": "number"}, {"id": 332407357, "tableColumnId": 20742460, "position": 11, "format": {"align": "right", "precisionStyle": "standard", "noCommas": "false"}, "name": "Seats", "dataTypeName": "number", "width": 160, "description": "Total number of PK seats offered at the site", "fieldName": "seats", "cachedContents": {"top": [{"item": "90", "count": 20}, {"item": "36", "count": 19}, {"item": "72", "count": 18}, {"item": "28", "count": 17}, {"item": "54", "count": 16}, {"item": "18", "count": 15}, {"item": "30", "count": 14}, {"item": "60", "count": 13}, {"item": "40", "count": 12}, {"item": "16", "count": 11}, {"item": "20", "count": 10}, {"item": "38", "count": 9}, {"item": "12", "count": 8}, {"item": "46", "count": 7}, {"item": "31", "count": 6}, {"item": "56", "count": 5}, {"item": "29", "count": 4}, {"item": "17", "count": 3}, {"item": "34", "count": 2}, {"item": "65", "count": 1}], "null": 0, "smallest": "6", "sum": "86871", "non_null": 1885, "average": "46.08541114058355", "largest": "500"}, "renderTypeName": "number"}, {"id": 332407358, "tableColumnId": 20742457, "position": 12, "format": {"align": "right", "precisionStyle": "standard", "noCommas": "true"}, "name": "X", "dataTypeName": "number", "width": 196, "fieldName": "spcoordx", "cachedContents": {"top": [{"item": "1010311", "count": 20}, {"item": "991927", "count": 19}, {"item": "985452", "count": 18}, {"item": "985555", "count": 17}, {"item": "983653", "count": 16}, {"item": "1022042", "count": 15}, {"item": "1021544", "count": 14}, {"item": "1024604", "count": 13}, {"item": "981861", "count": 12}, {"item": "991647", "count": 11}, {"item": "987635", "count": 10}, {"item": "983772", "count": 9}, {"item": "1019851", "count": 8}, {"item": "1007637", "count": 7}, {"item": "1042285", "count": 6}, {"item": "1005664", "count": 5}, {"item": "1008066", "count": 4}, {"item": "996612", "count": 3}, {"item": "1019717", "count": 2}, {"item": "959004", "count": 1}], "null": 0, "smallest": "915791", "sum": "1897188643", "non_null": 1885, "average": "1006466.123607427", "largest": "1064960"}, "renderTypeName": "number"}, {"id": 332407359, "tableColumnId": 20742458, "position": 13, "format": {"align": "right", "precisionStyle": "standard", "noCommas": "true"}, "name": "Y", "dataTypeName": "number", "width": 196, "fieldName": "spcoordy", "cachedContents": {"top": [{"item": "235124", "count": 20}, {"item": "210500", "count": 19}, {"item": "216762", "count": 18}, {"item": "208518", "count": 17}, {"item": "197502", "count": 16}, {"item": "250529", "count": 15}, {"item": "246676", "count": 14}, {"item": "267771", "count": 13}, {"item": "176320", "count": 12}, {"item": "175280", "count": 11}, {"item": "183726", "count": 10}, {"item": "164622", "count": 9}, {"item": "198603", "count": 8}, {"item": "196957", "count": 7}, {"item": "192115", "count": 6}, {"item": "219240", "count": 5}, {"item": "216884", "count": 4}, {"item": "211498", "count": 3}, {"item": "216831", "count": 2}, {"item": "158872", "count": 1}], "null": 0, "smallest": "124757", "sum": "381311259", "non_null": 1885, "average": "202287.1400530504", "largest": "270141"}, "renderTypeName": "number"}, {"id": 332407360, "tableColumnId": 27017836, "position": 14, "format": {"displayStyle": "email"}, "name": "Email", "dataTypeName": "text", "width": 100, "fieldName": "email", "cachedContents": {"top": [{"item": "rgershenlowy@cmcs.org", "count": 20}, {"item": "jcorniel29@gmail.com", "count": 19}, {"item": "Pauline.Ramone@ccbq.org", "count": 18}, {"item": "roy9966@msn.com", "count": 17}, {"item": "theresa.bivona@archny.org", "count": 16}, {"item": "pre-k@schools.nyc.gov", "count": 15}, {"item": "DGounar@schools.nyc.gov", "count": 14}, {"item": "CQuigley@schools.nyc.gov", "count": 13}, {"item": "JSkop@schools.nyc.gov", "count": 12}, {"item": "DDuff@schools.nyc.gov", "count": 11}, {"item": "MCerff@schools.nyc.gov", "count": 10}, {"item": "MInterl@schools.nyc.gov", "count": 9}, {"item": "mcroft@schools.nyc.gov", "count": 8}, {"item": "BTekverk@schools.nyc.gov", "count": 7}], "non_null": 1869, "null": 16, "smallest": "02m040@schools.nyc.gov", "largest": "zmills@schools.nyc.gov"}, "renderTypeName": "text"}, {"id": 332407361, "tableColumnId": 27017880, "position": 15, "format": {}, "name": "Website", "dataTypeName": "url", "width": 100, "subColumnTypes": ["url", "description"], "fieldName": "website", "cachedContents": {"top": [{"item": {"url": "http://hacfs.org"}, "count": 20}, {"item": {"url": "http://brightsideacademy.com"}, "count": 19}, {"item": {"url": "http://sebnc.org"}, "count": 18}, {"item": {"url": "http://eastsidehouse.org"}, "count": 17}, {"item": {"url": "http://bronxhouse.org"}, "count": 16}, {"item": {"url": "http://cmcs.org"}, "count": 15}, {"item": {"url": "http://trabajamoschs.com"}, "count": 14}, {"item": {"url": "http://sunshinenewyork.com"}, "count": 13}, {"item": {"url": "http://reachonetoteachone.org"}, "count": 12}, {"item": {"url": "http://allseasonsdaycarebronx.com"}, "count": 11}, {"item": {"url": "http://littlescholarsedc.com"}, "count": 10}, {"item": {"url": "http://tendertotsny.com"}, "count": 9}, {"item": {"url": "http://bronxparkeastacademy.com"}, "count": 8}, {"item": {"url": "http://acacianetwork.org"}, "count": 7}, {"item": {"url": "http://stclareofassisischool.org"}, "count": 6}], "non_null": 1336, "null": 549, "smallest": {"url": "http://156k.org"}, "largest": {"url": "http://ywcanyc.org"}}, "renderTypeName": "url"}, {"id": 332407362, "tableColumnId": 27017923, "position": 16, "format": {"align": "left"}, "name": "MEALS", "dataTypeName": "text", "width": 100, "description": "                                \"1\": \"Breakfast\",\n                                \"2\": \"Breakfast/Lunch\",\n                                \"3\": \"Breakfast/Lunch/Snack(s)\",\n                                \"4\": \"Breakfast/Snack(s)\",\n                                \"5\": \"Please contact site directly for information about meals\",\n                                \"6\": \"Lunch\",\n                                \"7\": \"Lunch/Snack(s)\",\n                                \"8\": \"Snack(s)\"\n", "fieldName": "meals", "cachedContents": {"top": [{"item": "2", "count": 20}, {"item": "5", "count": 19}, {"item": "3", "count": 18}, {"item": "7", "count": 17}, {"item": "4", "count": 16}, {"item": "1", "count": 15}, {"item": "8", "count": 14}, {"item": "6", "count": 13}, {"item": "9", "count": 12}], "non_null": 1885, "null": 0, "smallest": "1", "largest": "9"}, "renderTypeName": "text"}, {"id": 332407363, "tableColumnId": 27017930, "position": 17, "format": {"align": "left"}, "name": "INDOOR_OUTDOOR", "dataTypeName": "text", "width": 100, "description": "                                \"1\": \"Indoor playspace\",\n                                \"2\": \"Indoor/Outdoor (offsite) playspace\",\n                                \"3\": \"Indoor/Outdoor (onsite) playspace\",\n                                \"4\": \"Indoor/Outdoor (onsite) playspace/Outdoor (offsite) playspace\",\n                                \"5\": \"Playspace not offered\",\n                                \"6\": \"Outdoor (offsite) playspace\",\n                                \"7\": \"Outdoor (onsite) playspace\",\n                                \"8\": \"Outdoor (onsite) playspace/Outdoor (offsite) playspace\",\n                                \"9\": \"Please contact site directly for information about playspace\"\n", "fieldName": "indoor_outdoor", "cachedContents": {"top": [{"item": "3", "count": 20}, {"item": "9", "count": 19}, {"item": "1", "count": 18}, {"item": "7", "count": 17}, {"item": "2", "count": 16}, {"item": "6", "count": 15}, {"item": "8", "count": 14}, {"item": "4", "count": 13}, {"item": "5", "count": 12}], "non_null": 1885, "null": 0, "smallest": "1", "largest": "9"}, "renderTypeName": "text"}, {"id": 332407364, "tableColumnId": 27017960, "position": 18, "format": {"align": "left"}, "name": "EXTENDED_DAY", "dataTypeName": "text", "width": 100, "description": "                                \"1\": \"Extended day offered\",\n                                \"2\": \"Extended day not offered\",\n                                \"3\": \" Please contact site directly for information about extended day \"\n", "fieldName": "extended_day", "cachedContents": {"top": [{"item": "3", "count": 20}, {"item": "1", "count": 19}, {"item": "2", "count": 18}], "non_null": 1885, "null": 0, "smallest": "1", "largest": "3"}, "renderTypeName": "text"}, {"id": 332407365, "tableColumnId": 27018005, "position": 19, "format": {}, "name": "SEMS_CODE", "dataTypeName": "text", "width": 100, "fieldName": "sems_code", "cachedContents": {"top": [{"item": "07Z029", "count": 20}, {"item": "02Z031", "count": 19}, {"item": "02Z032", "count": 18}, {"item": "02Z033", "count": 17}, {"item": "02Z034", "count": 16}, {"item": "11Z037", "count": 15}, {"item": "11Z038", "count": 14}, {"item": "11Z039", "count": 13}, {"item": "15Z040", "count": 12}, {"item": "15Z041", "count": 11}, {"item": "15Z042", "count": 10}, {"item": "20Z044", "count": 9}, {"item": "24Z046", "count": 8}, {"item": "24Z047", "count": 7}, {"item": "28Z051", "count": 6}, {"item": "30Z055", "count": 5}, {"item": "30Z056", "count": 4}, {"item": "30Z058", "count": 3}, {"item": "30Z059", "count": 2}, {"item": "31Z060", "count": 1}], "non_null": 1885, "null": 0, "smallest": "01M015", "largest": "9XASB"}, "renderTypeName": "text"}, {"id": 332407366, "tableColumnId": 53278350, "position": 20, "name": "Latitude", "dataTypeName": "number", "format": {}, "fieldName": "latitude", "cachedContents": {"top": [{"item": "40.812067", "count": 20}, {"item": "40.74428", "count": 19}, {"item": "40.761479", "count": 18}, {"item": "40.739178", "count": 17}, {"item": "40.708766", "count": 16}, {"item": "40.854415", "count": 15}, {"item": "40.843523", "count": 14}, {"item": "40.901428", "count": 13}, {"item": "40.650785", "count": 12}, {"item": "40.647593", "count": 11}, {"item": "40.670764", "count": 10}, {"item": "40.618718", "count": 9}, {"item": "40.713111", "count": 8}, {"item": "40.707316", "count": 7}, {"item": "40.694331", "count": 6}, {"item": "40.769018", "count": 5}, {"item": "40.762789", "count": 4}, {"item": "40.747231", "count": 3}, {"item": "40.76227", "count": 2}, {"item": "40.60223", "count": 1}], "null": 0, "smallest": "40.508809", "sum": "76760.802762", "non_null": 1885, "average": "40.72191127957560", "largest": "40.908305"}, "renderTypeName": "number"}, {"id": 332407367, "tableColumnId": 53278351, "position": 21, "name": "Longitude", "dataTypeName": "number", "format": {}, "fieldName": "longitude", "cachedContents": {"top": [{"item": "-73.905569", "count": 20}, {"item": "-73.972591", "count": 19}, {"item": "-73.995823", "count": 18}, {"item": "-73.9955", "count": 17}, {"item": "-74.002406", "count": 16}, {"item": "-73.863732", "count": 15}, {"item": "-73.865496", "count": 14}, {"item": "-73.8544", "count": 13}, {"item": "-74.008105", "count": 12}, {"item": "-73.973412", "count": 11}, {"item": "-73.987787", "count": 10}, {"item": "-74.001898", "count": 9}, {"item": "-73.871589", "count": 8}, {"item": "-73.915329", "count": 7}, {"item": "-73.790825", "count": 6}, {"item": "-73.922395", "count": 5}, {"item": "-73.913692", "count": 4}, {"item": "-73.955089", "count": 3}, {"item": "-73.872191", "count": 2}, {"item": "-74.091355", "count": 1}], "null": 0, "smallest": "-74.246427", "sum": "-139338.583818", "non_null": 1885, "average": "-73.91967311299735", "largest": "-73.709198"}, "renderTypeName": "number"}, {"id": 332407368, "tableColumnId": 53278352, "position": 22, "name": "Community Board", "dataTypeName": "number", "format": {}, "fieldName": "community_board", "cachedContents": {"top": [{"item": "7", "count": 20}, {"item": "3", "count": 19}, {"item": "5", "count": 18}, {"item": "8", "count": 17}, {"item": "2", "count": 16}, {"item": "16", "count": 15}, {"item": "6", "count": 14}, {"item": "1", "count": 13}, {"item": "4", "count": 12}, {"item": "12", "count": 11}, {"item": "15", "count": 10}, {"item": "18", "count": 9}, {"item": "13", "count": 8}, {"item": "9", "count": 7}, {"item": "11", "count": 6}, {"item": "17", "count": 5}, {"item": "14", "count": 4}, {"item": "10", "count": 3}, {"item": "83", "count": 2}], "null": 0, "smallest": "1", "sum": "14607", "non_null": 1885, "average": "7.749071618037135", "largest": "83"}, "renderTypeName": "number"}, {"id": 332407369, "tableColumnId": 53278353, "position": 23, "format": {"align": "right", "precisionStyle": "standard", "noCommas": "false"}, "name": "Council District ", "dataTypeName": "number", "width": 100, "fieldName": "community_council", "cachedContents": {"top": [{"item": "38", "count": 20}, {"item": "36", "count": 19}, {"item": "41", "count": 18}, {"item": "37", "count": 17}, {"item": "35", "count": 16}, {"item": "42", "count": 15}, {"item": "33", "count": 14}, {"item": "34", "count": 13}, {"item": "39", "count": 12}, {"item": "44", "count": 11}, {"item": "48", "count": 10}, {"item": "47", "count": 9}, {"item": "40", "count": 8}, {"item": "45", "count": 7}, {"item": "1", "count": 6}, {"item": "8", "count": 5}, {"item": "9", "count": 4}, {"item": "26", "count": 3}, {"item": "27", "count": 2}, {"item": "19", "count": 1}], "null": 0, "smallest": "1", "sum": "51088", "non_null": 1885, "average": "27.10238726790451", "largest": "51"}, "renderTypeName": "number"}, {"id": 332407370, "tableColumnId": 53278354, "position": 24, "name": "Census Tract", "dataTypeName": "number", "format": {}, "fieldName": "census_tract", "cachedContents": {"top": [{"item": "255", "count": 20}, {"item": "8601", "count": 19}, {"item": "129", "count": 18}, {"item": "54", "count": 17}, {"item": "1501", "count": 16}, {"item": "228", "count": 15}, {"item": "238", "count": 14}, {"item": "414", "count": 13}, {"item": "82", "count": 12}, {"item": "504", "count": 11}, {"item": "137", "count": 10}, {"item": "188", "count": 9}, {"item": "65501", "count": 8}, {"item": "539", "count": 7}, {"item": "260", "count": 6}, {"item": "71", "count": 5}, {"item": "149", "count": 4}, {"item": "1", "count": 3}, {"item": "361", "count": 2}, {"item": "50", "count": 1}], "null": 0, "smallest": "1", "sum": "14540916", "non_null": 1885, "average": "7714.013793103448", "largest": "157903"}, "renderTypeName": "number"}, {"id": 332407371, "tableColumnId": 53278355, "position": 25, "name": "BIN", "dataTypeName": "number", "format": {}, "fieldName": "bin", "cachedContents": {"top": [{"item": "2048831", "count": 20}, {"item": "2097571", "count": 19}, {"item": "2097456", "count": 18}, {"item": "3337158", "count": 17}, {"item": "3000000", "count": 16}, {"item": "3021840", "count": 15}, {"item": "3253521", "count": 14}, {"item": "4597303", "count": 13}, {"item": "4263341", "count": 12}, {"item": "4537623", "count": 11}, {"item": "4000000", "count": 10}, {"item": "5046419", "count": 9}, {"item": "3337357", "count": 8}, {"item": "3206141", "count": 7}, {"item": "1079146", "count": 6}, {"item": "2113099", "count": 5}, {"item": "3335077", "count": 4}, {"item": "4436898", "count": 3}, {"item": "3153196", "count": 2}, {"item": "3148471", "count": 1}], "null": 176, "smallest": "1000000", "sum": "5018704894", "non_null": 1709, "average": "2936632.471620831", "largest": "5167549"}, "renderTypeName": "number"}, {"id": 332407372, "tableColumnId": 53278356, "position": 26, "name": "BBL", "dataTypeName": "number", "format": {}, "fieldName": "bbl", "cachedContents": {"top": [{"item": "2032180035", "count": 20}, {"item": "2042930031", "count": 19}, {"item": "2040370001", "count": 18}, {"item": "2050800001", "count": 17}, {"item": "3007230025", "count": 16}, {"item": "3053210064", "count": 15}, {"item": "3009980001", "count": 14}, {"item": "3062020006", "count": 13}, {"item": "4034250007", "count": 12}, {"item": "4121510001", "count": 11}, {"item": "4005940029", "count": 10}, {"item": "4000210001", "count": 9}, {"item": "5031710001", "count": 8}, {"item": "3076640041", "count": 7}, {"item": "3075640047", "count": 6}, {"item": "1001220001", "count": 5}, {"item": "2025220070", "count": 4}, {"item": "3063090048", "count": 3}, {"item": "4006470016", "count": 2}, {"item": "3060360001", "count": 1}], "null": 175, "smallest": "0", "sum": "4864842453928", "non_null": 1710, "average": "2844937107.560234", "largest": "5079140005"}, "renderTypeName": "number"}, {"id": 332407373, "tableColumnId": 53278357, "position": 27, "name": "NTA", "dataTypeName": "text", "format": {}, "fieldName": "nta", "cachedContents": {"top": [{"item": "Melrose South-Mott Haven North                                             ", "count": 20}, {"item": "East Tremont                                                               ", "count": 19}, {"item": "Claremont-Bathgate                                                         ", "count": 18}, {"item": "Mott Haven-Port Morris                                                     ", "count": 17}, {"item": "Soundview-Castle Hill-Clason Point-Harding Park                            ", "count": 16}, {"item": "Van Cortlandt Village                                                      ", "count": 15}, {"item": "University Heights-Morris Heights                                          ", "count": 14}, {"item": "Morrisania-Melrose                                                         ", "count": 13}, {"item": "Eastchester-Edenwald-Baychester                                            ", "count": 12}, {"item": "Longwood                                                                   ", "count": 11}, {"item": "Crotona Park East                                                          ", "count": 10}, {"item": "West Farms-Bronx River                                                     ", "count": 9}, {"item": "East Concourse-Concourse Village                                           ", "count": 8}, {"item": "Williamsbridge-Olinville                                                   ", "count": 7}, {"item": "Pelham Bay-Country Club-City Island                                        ", "count": 6}, {"item": "North Riverdale-Fieldston-Riverdale                                        ", "count": 5}, {"item": "Mount Hope                                                                 ", "count": 4}, {"item": "Highbridge                                                                 ", "count": 3}, {"item": "Woodlawn-Wakefield                                                         ", "count": 2}, {"item": "West Concourse                                                             ", "count": 1}], "non_null": 1885, "null": 0, "smallest": "Airport                                                                    ", "largest": "Yorkville                                                                  "}, "renderTypeName": "text"}], "indexUpdatedAt": 1526498473, "attribution": "Department of Education (DOE)", "hideFromCatalog": false, "numberOfComments": 0, "displayType": "table", "metadata": {"rdfClass": "", "availableDisplayTypes": ["table", "fatrow", "page"], "attachments": [{"name": "Universal_Pre-k_UPK__School_Locations.xlsx", "filename": "Universal_Pre-k_UPK__School_Locations.xlsx", "assetId": "1059fa27-09d8-470c-8a92-97b61fb3cddb"}], "rowLabel": "", "rdfSubject": "0", "renderTypeConfig": {"visible": {"table": true}}, "custom_fields": {"Legislative Compliance": {"Geo-coding Attached?": "", "Scheduled Publication Date (Plan)": "", "Feasible Automation ": "", "From the Open Data Plan?": ""}, "Dataset Information": {"Agency": "Department of Education (DOE)"}, "Update": {"Update Frequency": "As needed", "Automation": "No", "Date Made Public": "July 10, 2014"}}, "rowIdentifier": "0"}, "viewCount": 3395, "name": "Universal Pre-K (UPK) School Locations", "tableId": 14653796, "rowClass": "", "description": "Directory of Universal Pre-K (UPK) School Locations", "publicationAppendEnabled": false, "viewLastModified": 1526498903, "downloadCount": 4466, "rowsUpdatedBy": "d5dp-fses", "category": "Education", "hideFromDataJson": false, "grants": [{"flags": ["public"], "inherited": false, "type": "viewer"}], "viewType": "tabular", "rights": ["read"], "flags": ["default", "restorable", "restorePossibleForType"], "oid": 27351469, "owner": {"id": "5fuc-pqz2", "profileImageUrlLarge": "/api/users/5fuc-pqz2/profile_images/LARGE", "profileImageUrlMedium": "/api/users/5fuc-pqz2/profile_images/THUMB", "screenName": "NYC OpenData", "profileImageUrlSmall": "/api/users/5fuc-pqz2/profile_images/TINY", "displayName": "NYC OpenData", "type": "interactive"}, "provenance": "official", "totalTimesRated": 0, "publicationDate": 1511981000, "publicationGroup": 1645034, "publicationStage": "published", "tags": ["universal pre-k (upk) school locations", "community based early childhood center locations (cbecc)", "doe", "upk", "school"]}